"Timestamp","Gender","What is your age?","Student status","What is your current year of study?","Are you a commuter (live off-campus)?","Which campus do you attend?","What program of study are you in?","Facebook","Instagram","Snapchat","Twitter","WeChat","What is your current method in finding school events? (Check all that applies)","How effective is social media in informing you about social events around the school?","How important is social involvement and engagement with other students to you at U of T?","Based on the previous question, please describe why social involvement is/is not important to you.","Select social events that you actively look to participant in. (Check all that apply)","How satisfied are you with the resources available at U of T for finding and engaging in student activities?","Please describe your thoughts on student engagement within U of T, and improvements, if any, that can be made.","Please describe reasons and motivations for you to attend these social events.","Please list past and current social events you have attended hosted by any U of T clubs or organizations.","How many school affiliated clubs are you currently in?","Please list past and current U of T clubs or organizations you have joined or a part of currently.","Please describe the role for each of the clubs you are currently involved with if any.","If you currently involved in school clubs, what type of resources would be helpful for the role you currently have in the clubs?","Please indicate if you would like to follow up with a further interview. ","If you have indicated ""Yes"" to the previous question please provide your email or phone number."
"2018/10/10 1:10:58 AM GMT","Male","20","Domestic","Undergraduate - 4th or more","Yes","Mississauga Campus","Computer Science","3","2","1","1","1","Friends","2","1","not interested","Study groups","3",".","","MCSS BBQ","0","none","","","No, I would not like to follow up with a further interview.","."
"2018/10/10 1:11:42 AM GMT","Female","21","Domestic","Undergraduate - 4th or more","Yes","Mississauga Campus","CCIT and Political Science","4","5","5","4","1","Facebook;School Websites;Friends","5","3","Social connections","Networking events","4","Pretty good school spirit","Friends to attend with and what it could do for me experiences ","Alumni networking event ","0","None","None","Not in a club","Yes, Please contact me. i will provide my contact method in the next question.","2898344896"
"2018/10/10 1:30:05 AM GMT","Female","21","Domestic","Graduate","Yes","St.George Campus","Msc Planning ","1","5","1","1","1","School Websites;Friends","1","2","I'm emotionally exhausted from u of ts labour expectations","Study groups;Sleeping ","2","More accessible events ","I have no motivation to attend social events ","None ","0","N/a","N/a","Money ","No, I would not like to follow up with a further interview.","Na"
"2018/10/10 1:42:45 AM GMT","Other","21","Domestic","Undergraduate - 4th or more","Yes","St.George Campus","Psych and neuroscience ","5","5","5","4","1","Facebook;Physical Posters;Friends","4","3","","Study groups;Academic Seminars;Hobbies;Parties","4","Event pages should be shared in more groups"," ","Pub nights, movie nights, parties, backpack to briefcase ","1","Oxfam, msf ","","","No, I would not like to follow up with a further interview.","N/a"
"2018/10/10 2:00:03 AM GMT","Female","20","Domestic","Undergraduate - 3rd","Yes","St.George Campus","Life Sciences","5","5","3","5","1","Facebook","3","3","","Hobbies","3","Big class sizes - very difficult for student engagement ","","UTVSA  events (2)","1","Women's Health Club","","","No, I would not like to follow up with a further interview.","n/a"
"2018/10/10 2:05:12 AM GMT","Female","19","Domestic","Undergraduate - 3rd","No","St.George Campus","Nutritional Sciences, Physiology, Immunology","5","5","5","1","3","Facebook;Friends","3","4","Possibility to make new friends, work social interaction skills ","Study groups;Academic Seminars","3","I think that uoft is pretty encouraging and inclusive at getting students to join clubs or events that are being held. Facebook plays a major role in spreading the event around. I think the posters spread around campus poles or bulletins need to be improved because no one really stops or acknowledges them. ","","Academic seminars","1","Nutritional Sciences Student Association","3rd year representative","A larger platform to be able to advertise the club and any events. ","No, I would not like to follow up with a further interview.","-"
"2018/10/10 2:06:20 AM GMT","Female","20","Domestic","Undergraduate - 3rd","Yes","St.George Campus","Biochem","5","5","5","1","1","Facebook;Physical Posters;Friends","5","5","Interactions with other students whether the same or different programs are always a great experience to branch out and meeting different people. ","Study groups;Academic Seminars;Sports;Hobbies;Parties","4","There could be more, but the amount made is understandable. We all have different schedules and not everyone can be lined up.","To either go with friends or meet new people.","Academic seminars, panels, volunteering meetings, parties etc.","3","Uac, dignitas, photography, outreach","Executive team","Funds and donations!","Yes, Please contact me. i will provide my contact method in the next question.","Jes.chang@mail.utoronto.ca"
"2018/10/10 2:57:29 AM GMT","Female","18","International","Undergraduate - 1st","No","St.George Campus","International Relations","2","5","5","1","1","Facebook;Mobile App;Physical Posters;Friends","3","4","Can meet people outside of classes/college","Study groups;Academic Seminars;Hobbies;Parties","4","More online access!","Interesting event, meeting students, networking","Parties, orientations, seminars","0","None","","","No, I would not like to follow up with a further interview.","No"
"2018/10/10 3:09:14 AM GMT","Female","21","Exchange","Undergraduate - 3rd","Yes","St.George Campus","Environmental science","5","3","3","2","1","Facebook;School Websites;Physical Posters;Friends","4","5","I need friends to not kill myself","Study groups;Academic Seminars;Sports;Hobbies;Parties","4","Pre and post lecture mingled needed","Friends needed to not kill myself","Hart house thanksgiving dinner, CIE lunch","1","International society","","","No, I would not like to follow up with a further interview.","Na"
"2018/10/10 3:25:18 AM GMT","Male","19","Exchange","Undergraduate - 3rd","Yes","St.George Campus","Human Biology ","5","5","4","1","1","Facebook;Friends;Email","4","4","","Sports;Hobbies;Parties","3","Create more projects for a semester, as exchange students can get involved a lot more","","Orientation weeks, exchange meetings, VCAA movie night","0","None","","","No, I would not like to follow up with a further interview.","No"
"2018/10/10 3:34:02 AM GMT","Male","21","International","Undergraduate - 3rd","No","Mississauga Campus","Environmental Management and Political Science ","5","5","4","1","1","Facebook;Mobile App;School Websites","5","3","It is important for me and members of my club on campus to be socially involved at UTM, but not entirely for me as a whole because I tend not to be interested in a lot of UTM events.","Academic Seminars;Sports;Hobbies;Parties","3","Generally I find student involvement to be a mixed bag here because not a lot of people come to our events but as a whole we have some good clubs and events worth going to.","","Coldsweat, Heatwave, various UTM pub nights.","3","Cobra Muay Thai, Model UN, UTM Rugby, Erindale Gaming Association, Pre-Law Association, UTM Mooting Society","Vice-President of Cobra Muay Thai ","","Yes, Please contact me. i will provide my contact method in the next question.","Justin.randall@mail.utoronto.ca"
"2018/10/10 3:39:45 AM GMT","Male","19","Exchange","Undergraduate - 4th or more","Yes","St.George Campus","Physics","5","5","4","1","1","Facebook;School Websites;Mail","3","4","Makes life more interesting ","Sports;Hobbies;Parties","3","Keep the email updates going for important issues","","Parties, varsity games","0","None","","","No, I would not like to follow up with a further interview.","No"
"2018/10/10 4:23:51 AM GMT","Male","20","Domestic","Undergraduate - 3rd","Yes","Mississauga Campus","Political science ","5","5","5","1","1","Facebook","5","5","If you don’t get involved you fail to make friends and network ","Club events ","3","Bring back the ability to add club pages on black board, which is gone now so add it into Quercus","Friends ","I go to all the UTMCC (utm campus conservatives) events ","2","UTMCC, UTMMUN, and UPS","President, CRO, and Events coordinator ","Add the ability to have a page (like a class) on Quercus","Yes, Please contact me. i will provide my contact method in the next question.","Michael.logiudice@mail.utoronto.ca"
"2018/10/10 7:34:06 AM GMT","Male","20","Domestic","Undergraduate - 4th or more","No","Mississauga Campus","Economics & Political Science","5","5","2","4","1","Facebook;School Websites;Physical Posters","4","4","","Academic Seminars;Sports;Parties","4","Mostly not engaged, since its a commuter campus","","Club events and student services","4","UEC
MUN
UCS
TPA","","","No, I would not like to follow up with a further interview.","5"
"2018/10/10 2:06:07 PM GMT","Female","21","Domestic","Professional","No","St.George Campus","PharmD","5","3","3","1","1","Facebook;Friends;Email","4","5","Good for stress relief","Study groups;Academic Seminars;Sports;Hobbies","4","Not sure to be honest","","Anything with free food","2","-","","","No, I would not like to follow up with a further interview.","-"
"2018/10/10 2:27:13 PM GMT","Female","22","Domestic","Undergraduate - 4th or more","Yes","Mississauga Campus","Sociology","3","5","5","1","1","Facebook;Mobile App;Friends","3","3","","Academic Seminars;Hobbies","3","When i do go these events they're engaging. I wish they would send out more emails prior to the event date. ","To make friends or to learn more ","Guest speakers hosted by the women and gender studies department and a reading week trip hosted by the utmsu council ","0","None","","","No, I would not like to follow up with a further interview.","N/a"
"2018/10/10 6:16:18 PM GMT","Male","19","Domestic","Undergraduate - 3rd","Yes","Mississauga Campus","Political Science","3","2","4","1","1","Facebook","2","4","Create networks, learn from other people, get advice with upper years. ","Academic Seminars;Parties","3","People are busy studying, not everyone cares about getting engaged.","If i can go with my friends, why not?","Clubs Social, Campus Conservatives events","1","Campus Conservatives","Member","Nothing","Yes, Please contact me. i will provide my contact method in the next question.","miname262@gmail.com"
"2018/10/10 9:53:23 PM GMT","Female","21","International","Undergraduate - 4th or more","No","St.George Campus","Life Sciences","3","5","1","1","1","Facebook;Friends","4","4","Being lonely sucks! ","Study groups;Academic Seminars","2","More community feel is needed. We study way too much ","Make new friends, engage with others ","Friends of MSF, MSA ","2","MSA 
Friends of MSF ","Photographer , President ","More funding, better outreach","No, I would not like to follow up with a further interview.","-"
"2018/10/11 1:20:19 AM GMT","Female","18","Domestic","Undergraduate - 1st","No","St.George Campus","Social sciences (geography)","4","5","5","1","2","Facebook;Physical Posters;Friends","4","5","Need friends to not be sad","Study groups;Sports;Hobbies;Parties","4","I have no good response ","Make friends and have a life","House socials in my res, tuts social","2","Dragon boat, frontier college","Regular member","","Yes, Please contact me. i will provide my contact method in the next question.","heyangelhey@gmail.com"
"2018/10/11 1:21:47 AM GMT","Female","19","Exchange","Undergraduate - 2nd","No","St.George Campus","Biological Sciences","5","5","3","2","1","Facebook;Email","3","4","Want to make connections for later life ","Hobbies;Parties","2","More advertisement around campus (people stick to one end where all their classes are) ","Fun/career contacts ","Parade day, International orientation ","0","None","","","Yes, Please contact me. i will provide my contact method in the next question.","dominiquekaris.amponsah@mail.utoronto.ca"
"2018/10/11 2:41:45 AM GMT","Female","20","Domestic","Undergraduate - 3rd","Yes","St.George Campus","Neuroscience and Physiology","5","5","5","1","4","Facebook;Friends","4","5","In the hustle around such an academically driven institution, you can quickly get lost in homework and assignments and lost your connection to the community. Fundamentally, not having a foundational social group can make day to day function extremely difficult. I believe that social involvement is a great way to exercise th resources made around campus as well as developing a network of people to look out for each other. With something like mental health so insidiously populating universities, providing a social framework via social involvement can be immensely beneficial.","Study groups;Academic Seminars;Sports;Hobbies","4","More staff to help provide the framework for many clubs to run their events, as sorting out finances, risk assessment forms etc. are very discouraging for a student to have to overcome on their own time. Having someone able to consistently help students run the events they want to host throughout the year. Especially during stressful times where it would require too much from on the students behalf.","Knowing how difficult it can be struggling through your undergraduate degree makes me motivated in the sense that I feel like it is essential to provide what you've experienced. Knowing people who struggle with mental health, having social events that are a safe and fun space for everyone is critical to alleviating the environmental stressors U of T already generously provides.","HBSU Formal, HMB Welcome Back BBQ, NAUS Pizza with Profs, MSSU Mingles, VicXposure General Meeting, Amnesty Internation General Meeting","5+","HBSU
NAUS
MSSU
Amnesty International
Varsity
UCDBC
Caffiends","VP
Third Year Rep
Secretary
Media Coordinator
Photographer
Coach
Volunteer","More funding resources, guidance of meeting event criteria, better programs to book spaces on campus, finance management and risk assessment training.","Yes, Please contact me. i will provide my contact method in the next question.","delphine.ji@mail.utoronto.ca"
"2018/10/11 4:42:40 AM GMT","Male","18","Domestic","Undergraduate - 2nd","Yes","St.George Campus","Computer Science","2","1","5","3","1","Facebook;School Websites;Physical Posters;Friends","5","5","Social involvement is an important stress buster","Study groups;Academic Seminars;Sports;Hobbies;Parties","2","Should be one and only website dedicated to ALL the social events affiliated with U of T that take place","","Robotics club, FSAE, Seminar","2","FSAE, UTRA, Game design","","","No, I would not like to follow up with a further interview.","A"
"2018/10/11 7:16:28 PM GMT","Male","21","Domestic","Undergraduate - 4th or more","Yes","Mississauga Campus","Political Science","2","5","5","5","1","Facebook;Friends","4","4","I believe it helps establish a connection between student and institution, which makes for a happier and more well functioning campus. ","Study groups;Academic Seminars;Sports;Hobbies;Parties","5","It has been lit.","Meet people, get turnt, network and be professional","Political Speeches, Parties, Pub Nights, BizFrosh.","0","0","0","0","No, I would not like to follow up with a further interview.","no"
"2018/10/11 8:50:59 PM GMT","Male","22","Domestic","Undergraduate - 4th or more","Yes","Mississauga Campus","Computer Science ","5","5","1","1","1","Facebook","3","3","Some events are not useful","Academic Seminars;Career events","2","N/a","Career","Career fair","1","Gmma","Vice president","Announcement","Yes, Please contact me. i will provide my contact method in the next question.","hoon5421@gmail.com / ask jenny to meet me"